HA;HB;HC;HD;HE
%s%s%s%s%s%s%s%s%s%s%s%s%s%s%s%s%s%s%s%s%s%s%s%s%s%s%s%s%s%s%s%s;%s%s%s%s%s%s%s%s%s%s%s%s%s%s%s%s%s%s%s%s%s%s%s%s%s%s%s%s%s%s%s%s;%s%s%s%s%s%s%s%s%s%s%s%s%s%s%s%s%s%s%s%s%s%s%s%s%s%s%s%s%s%s%s%s;%s%s%s%s%s%s%s%s%s%s%s%s%s%s%s%s%s%s%s%s%s%s%s%s%s%s%s%s%s%s%s%s;%s%s%s%s%s%s%s%s%s%s%s%s%s%s%s%s%s%s%s%s%s%s%s%s%s%s%s%s%s%s%s%s
%s%s%s%s%s%s%s%s%s%s%s%s%s%s%s%s%s%s%s%s%s%s%s%s%s%s%s%s%s%s%s%s;%s%s%s%s%s%s%s%s%s%s%s%s%s%s%s%s%s%s%s%s%s%s%s%s%s%s%s%s%s%s%s%s;%s%s%s%s%s%s%s%s%s%s%s%s%s%s%s%s%s%s%s%s%s%s%s%s%s%s%s%s%s%s%s%s;%s%s%s%s%s%s%s%s%s%s%s%s%s%s%s%s%s%s%s%s%s%s%s%s%s%s%s%s%s%s%s%s;%s%s%s%s%s%s%s%s%s%s%s%s%s%s%s%s%s%s%s%s%s%s%s%s%s%s%s%s%s%s%s%s
%s%s%s%s%s%s%s%s%s%s%s%s%s%s%s%s%s%s%s%s%s%s%s%s%s%s%s%s%s%s%s%s;%s%s%s%s%s%s%s%s%s%s%s%s%s%s%s%s%s%s%s%s%s%s%s%s%s%s%s%s%s%s%s%s;%s%s%s%s%s%s%s%s%s%s%s%s%s%s%s%s%s%s%s%s%s%s%s%s%s%s%s%s%s%s%s%s;%s%s%s%s%s%s%s%s%s%s%s%s%s%s%s%s%s%s%s%s%s%s%s%s%s%s%s%s%s%s%s%s;%s%s%s%s%s%s%s%s%s%s%s%s%s%s%s%s%s%s%s%s%s%s%s%s%s%s%s%s%s%s%s%s
%s%s%s%s%s%s%s%s%s%s%s%s%s%s%s%s%s%s%s%s%s%s%s%s%s%s%s%s%s%s%s%s;%s%s%s%s%s%s%s%s%s%s%s%s%s%s%s%s%s%s%s%s%s%s%s%s%s%s%s%s%s%s%s%s;%s%s%s%s%s%s%s%s%s%s%s%s%s%s%s%s%s%s%s%s%s%s%s%s%s%s%s%s%s%s%s%s;%s%s%s%s%s%s%s%s%s%s%s%s%s%s%s%s%s%s%s%s%s%s%s%s%s%s%s%s%s%s%s%s;%s%s%s%s%s%s%s%s%s%s%s%s%s%s%s%s%s%s%s%s%s%s%s%s%s%s%s%s%s%s%s%s
%s%s%s%s%s%s%s%s%s%s%s%s%s%s%s%s%s%s%s%s%s%s%s%s%s%s%s%s%s%s%s%s;%s%s%s%s%s%s%s%s%s%s%s%s%s%s%s%s%s%s%s%s%s%s%s%s%s%s%s%s%s%s%s%s;%s%s%s%s%s%s%s%s%s%s%s%s%s%s%s%s%s%s%s%s%s%s%s%s%s%s%s%s%s%s%s%s;%s%s%s%s%s%s%s%s%s%s%s%s%s%s%s%s%s%s%s%s%s%s%s%s%s%s%s%s%s%s%s%s;%s%s%s%s%s%s%s%s%s%s%s%s%s%s%s%s%s%s%s%s%s%s%s%s%s%s%s%s%s%s%s%s
%s%s%s%s%s%s%s%s%s%s%s%s%s%s%s%s%s%s%s%s%s%s%s%s%s%s%s%s%s%s%s%s;%s%s%s%s%s%s%s%s%s%s%s%s%s%s%s%s%s%s%s%s%s%s%s%s%s%s%s%s%s%s%s%s;%s%s%s%s%s%s%s%s%s%s%s%s%s%s%s%s%s%s%s%s%s%s%s%s%s%s%s%s%s%s%s%s;%s%s%s%s%s%s%s%s%s%s%s%s%s%s%s%s%s%s%s%s%s%s%s%s%s%s%s%s%s%s%s%s;%s%s%s%s%s%s%s%s%s%s%s%s%s%s%s%s%s%s%s%s%s%s%s%s%s%s%s%s%s%s%s%s
%s%s%s%s%s%s%s%s%s%s%s%s%s%s%s%s%s%s%s%s%s%s%s%s%s%s%s%s%s%s%s%s;%s%s%s%s%s%s%s%s%s%s%s%s%s%s%s%s%s%s%s%s%s%s%s%s%s%s%s%s%s%s%s%s;%s%s%s%s%s%s%s%s%s%s%s%s%s%s%s%s%s%s%s%s%s%s%s%s%s%s%s%s%s%s%s%s;%s%s%s%s%s%s%s%s%s%s%s%s%s%s%s%s%s%s%s%s%s%s%s%s%s%s%s%s%s%s%s%s;%s%s%s%s%s%s%s%s%s%s%s%s%s%s%s%s%s%s%s%s%s%s%s%s%s%s%s%s%s%s%s%s
%s%s%s%s%s%s%s%s%s%s%s%s%s%s%s%s%s%s%s%s%s%s%s%s%s%s%s%s%s%s%s%s;%s%s%s%s%s%s%s%s%s%s%s%s%s%s%s%s%s%s%s%s%s%s%s%s%s%s%s%s%s%s%s%s;%s%s%s%s%s%s%s%s%s%s%s%s%s%s%s%s%s%s%s%s%s%s%s%s%s%s%s%s%s%s%s%s;%s%s%s%s%s%s%s%s%s%s%s%s%s%s%s%s%s%s%s%s%s%s%s%s%s%s%s%s%s%s%s%s;%s%s%s%s%s%s%s%s%s%s%s%s%s%s%s%s%s%s%s%s%s%s%s%s%s%s%s%s%s%s%s%s
%s%s%s%s%s%s%s%s%s%s%s%s%s%s%s%s%s%s%s%s%s%s%s%s%s%s%s%s%s%s%s%s;%s%s%s%s%s%s%s%s%s%s%s%s%s%s%s%s%s%s%s%s%s%s%s%s%s%s%s%s%s%s%s%s;%s%s%s%s%s%s%s%s%s%s%s%s%s%s%s%s%s%s%s%s%s%s%s%s%s%s%s%s%s%s%s%s;%s%s%s%s%s%s%s%s%s%s%s%s%s%s%s%s%s%s%s%s%s%s%s%s%s%s%s%s%s%s%s%s;%s%s%s%s%s%s%s%s%s%s%s%s%s%s%s%s%s%s%s%s%s%s%s%s%s%s%s%s%s%s%s%s
%s%s%s%s%s%s%s%s%s%s%s%s%s%s%s%s%s%s%s%s%s%s%s%s%s%s%s%s%s%s%s%s;%s%s%s%s%s%s%s%s%s%s%s%s%s%s%s%s%s%s%s%s%s%s%s%s%s%s%s%s%s%s%s%s;%s%s%s%s%s%s%s%s%s%s%s%s%s%s%s%s%s%s%s%s%s%s%s%s%s%s%s%s%s%s%s%s;%s%s%s%s%s%s%s%s%s%s%s%s%s%s%s%s%s%s%s%s%s%s%s%s%s%s%s%s%s%s%s%s;%s%s%s%s%s%s%s%s%s%s%s%s%s%s%s%s%s%s%s%s%s%s%s%s%s%s%s%s%s%s%s%s
%s%s%s%s%s%s%s%s%s%s%s%s%s%s%s%s%s%s%s%s%s%s%s%s%s%s%s%s%s%s%s%s;%s%s%s%s%s%s%s%s%s%s%s%s%s%s%s%s%s%s%s%s%s%s%s%s%s%s%s%s%s%s%s%s;%s%s%s%s%s%s%s%s%s%s%s%s%s%s%s%s%s%s%s%s%s%s%s%s%s%s%s%s%s%s%s%s;%s%s%s%s%s%s%s%s%s%s%s%s%s%s%s%s%s%s%s%s%s%s%s%s%s%s%s%s%s%s%s%s;%s%s%s%s%s%s%s%s%s%s%s%s%s%s%s%s%s%s%s%s%s%s%s%s%s%s%s%s%s%s%s%s
%s%s%s%s%s%s%s%s%s%s%s%s%s%s%s%s%s%s%s%s%s%s%s%s%s%s%s%s%s%s%s%s;%s%s%s%s%s%s%s%s%s%s%s%s%s%s%s%s%s%s%s%s%s%s%s%s%s%s%s%s%s%s%s%s;%s%s%s%s%s%s%s%s%s%s%s%s%s%s%s%s%s%s%s%s%s%s%s%s%s%s%s%s%s%s%s%s;%s%s%s%s%s%s%s%s%s%s%s%s%s%s%s%s%s%s%s%s%s%s%s%s%s%s%s%s%s%s%s%s;%s%s%s%s%s%s%s%s%s%s%s%s%s%s%s%s%s%s%s%s%s%s%s%s%s%s%s%s%s%s%s%s
%s%s%s%s%s%s%s%s%s%s%s%s%s%s%s%s%s%s%s%s%s%s%s%s%s%s%s%s%s%s%s%s;%s%s%s%s%s%s%s%s%s%s%s%s%s%s%s%s%s%s%s%s%s%s%s%s%s%s%s%s%s%s%s%s;%s%s%s%s%s%s%s%s%s%s%s%s%s%s%s%s%s%s%s%s%s%s%s%s%s%s%s%s%s%s%s%s;%s%s%s%s%s%s%s%s%s%s%s%s%s%s%s%s%s%s%s%s%s%s%s%s%s%s%s%s%s%s%s%s;%s%s%s%s%s%s%s%s%s%s%s%s%s%s%s%s%s%s%s%s%s%s%s%s%s%s%s%s%s%s%s%s
%s%s%s%s%s%s%s%s%s%s%s%s%s%s%s%s%s%s%s%s%s%s%s%s%s%s%s%s%s%s%s%s;%s%s%s%s%s%s%s%s%s%s%s%s%s%s%s%s%s%s%s%s%s%s%s%s%s%s%s%s%s%s%s%s;%s%s%s%s%s%s%s%s%s%s%s%s%s%s%s%s%s%s%s%s%s%s%s%s%s%s%s%s%s%s%s%s;%s%s%s%s%s%s%s%s%s%s%s%s%s%s%s%s%s%s%s%s%s%s%s%s%s%s%s%s%s%s%s%s;%s%s%s%s%s%s%s%s%s%s%s%s%s%s%s%s%s%s%s%s%s%s%s%s%s%s%s%s%s%s%s%s
%p%p%p%p%p%p%p%p%p%p%p%p%p%p%p%p%p%p%p%p%p%p%p%p%p%p%p%p%p%p%p%p;%p%p%p%p%p%p%p%p%p%p%p%p%p%p%p%p%p%p%p%p%p%p%p%p%p%p%p%p%p%p%p%p;%p%p%p%p%p%p%p%p%p%p%p%p%p%p%p%p%p%p%p%p%p%p%p%p%p%p%p%p%p%p%p%p;%p%p%p%p%p%p%p%p%p%p%p%p%p%p%p%p%p%p%p%p%p%p%p%p%p%p%p%p%p%p%p%p;%p%p%p%p%p%p%p%p%p%p%p%p%p%p%p%p%p%p%p%p%p%p%p%p%p%p%p%p%p%p%p%p
%p%p%p%p%p%p%p%p%p%p%p%p%p%p%p%p%p%p%p%p%p%p%p%p%p%p%p%p%p%p%p%p;%p%p%p%p%p%p%p%p%p%p%p%p%p%p%p%p%p%p%p%p%p%p%p%p%p%p%p%p%p%p%p%p;%p%p%p%p%p%p%p%p%p%p%p%p%p%p%p%p%p%p%p%p%p%p%p%p%p%p%p%p%p%p%p%p;%p%p%p%p%p%p%p%p%p%p%p%p%p%p%p%p%p%p%p%p%p%p%p%p%p%p%p%p%p%p%p%p;%p%p%p%p%p%p%p%p%p%p%p%p%p%p%p%p%p%p%p%p%p%p%p%p%p%p%p%p%p%p%p%p
%p%p%p%p%p%p%p%p%p%p%p%p%p%p%p%p%p%p%p%p%p%p%p%p%p%p%p%p%p%p%p%p;%p%p%p%p%p%p%p%p%p%p%p%p%p%p%p%p%p%p%p%p%p%p%p%p%p%p%p%p%p%p%p%p;%p%p%p%p%p%p%p%p%p%p%p%p%p%p%p%p%p%p%p%p%p%p%p%p%p%p%p%p%p%p%p%p;%p%p%p%p%p%p%p%p%p%p%p%p%p%p%p%p%p%p%p%p%p%p%p%p%p%p%p%p%p%p%p%p;%p%p%p%p%p%p%p%p%p%p%p%p%p%p%p%p%p%p%p%p%p%p%p%p%p%p%p%p%p%p%p%p
%p%p%p%p%p%p%p%p%p%p%p%p%p%p%p%p%p%p%p%p%p%p%p%p%p%p%p%p%p%p%p%p;%p%p%p%p%p%p%p%p%p%p%p%p%p%p%p%p%p%p%p%p%p%p%p%p%p%p%p%p%p%p%p%p;%p%p%p%p%p%p%p%p%p%p%p%p%p%p%p%p%p%p%p%p%p%p%p%p%p%p%p%p%p%p%p%p;%p%p%p%p%p%p%p%p%p%p%p%p%p%p%p%p%p%p%p%p%p%p%p%p%p%p%p%p%p%p%p%p;%p%p%p%p%p%p%p%p%p%p%p%p%p%p%p%p%p%p%p%p%p%p%p%p%p%p%p%p%p%p%p%p
%p%p%p%p%p%p%p%p%p%p%p%p%p%p%p%p%p%p%p%p%p%p%p%p%p%p%p%p%p%p%p%p;%p%p%p%p%p%p%p%p%p%p%p%p%p%p%p%p%p%p%p%p%p%p%p%p%p%p%p%p%p%p%p%p;%p%p%p%p%p%p%p%p%p%p%p%p%p%p%p%p%p%p%p%p%p%p%p%p%p%p%p%p%p%p%p%p;%p%p%p%p%p%p%p%p%p%p%p%p%p%p%p%p%p%p%p%p%p%p%p%p%p%p%p%p%p%p%p%p;%p%p%p%p%p%p%p%p%p%p%p%p%p%p%p%p%p%p%p%p%p%p%p%p%p%p%p%p%p%p%p%p
%p%p%p%p%p%p%p%p%p%p%p%p%p%p%p%p%p%p%p%p%p%p%p%p%p%p%p%p%p%p%p%p;%p%p%p%p%p%p%p%p%p%p%p%p%p%p%p%p%p%p%p%p%p%p%p%p%p%p%p%p%p%p%p%p;%p%p%p%p%p%p%p%p%p%p%p%p%p%p%p%p%p%p%p%p%p%p%p%p%p%p%p%p%p%p%p%p;%p%p%p%p%p%p%p%p%p%p%p%p%p%p%p%p%p%p%p%p%p%p%p%p%p%p%p%p%p%p%p%p;%p%p%p%p%p%p%p%p%p%p%p%p%p%p%p%p%p%p%p%p%p%p%p%p%p%p%p%p%p%p%p%p
%p%p%p%p%p%p%p%p%p%p%p%p%p%p%p%p%p%p%p%p%p%p%p%p%p%p%p%p%p%p%p%p;%p%p%p%p%p%p%p%p%p%p%p%p%p%p%p%p%p%p%p%p%p%p%p%p%p%p%p%p%p%p%p%p;%p%p%p%p%p%p%p%p%p%p%p%p%p%p%p%p%p%p%p%p%p%p%p%p%p%p%p%p%p%p%p%p;%p%p%p%p%p%p%p%p%p%p%p%p%p%p%p%p%p%p%p%p%p%p%p%p%p%p%p%p%p%p%p%p;%p%p%p%p%p%p%p%p%p%p%p%p%p%p%p%p%p%p%p%p%p%p%p%p%p%p%p%p%p%p%p%p
%p%p%p%p%p%p%p%p%p%p%p%p%p%p%p%p%p%p%p%p%p%p%p%p%p%p%p%p%p%p%p%p;%p%p%p%p%p%p%p%p%p%p%p%p%p%p%p%p%p%p%p%p%p%p%p%p%p%p%p%p%p%p%p%p;%p%p%p%p%p%p%p%p%p%p%p%p%p%p%p%p%p%p%p%p%p%p%p%p%p%p%p%p%p%p%p%p;%p%p%p%p%p%p%p%p%p%p%p%p%p%p%p%p%p%p%p%p%p%p%p%p%p%p%p%p%p%p%p%p;%p%p%p%p%p%p%p%p%p%p%p%p%p%p%p%p%p%p%p%p%p%p%p%p%p%p%p%p%p%p%p%p
%p%p%p%p%p%p%p%p%p%p%p%p%p%p%p%p%p%p%p%p%p%p%p%p%p%p%p%p%p%p%p%p;%p%p%p%p%p%p%p%p%p%p%p%p%p%p%p%p%p%p%p%p%p%p%p%p%p%p%p%p%p%p%p%p;%p%p%p%p%p%p%p%p%p%p%p%p%p%p%p%p%p%p%p%p%p%p%p%p%p%p%p%p%p%p%p%p;%p%p%p%p%p%p%p%p%p%p%p%p%p%p%p%p%p%p%p%p%p%p%p%p%p%p%p%p%p%p%p%p;%p%p%p%p%p%p%p%p%p%p%p%p%p%p%p%p%p%p%p%p%p%p%p%p%p%p%p%p%p%p%p%p
%p%p%p%p%p%p%p%p%p%p%p%p%p%p%p%p%p%p%p%p%p%p%p%p%p%p%p%p%p%p%p%p;%p%p%p%p%p%p%p%p%p%p%p%p%p%p%p%p%p%p%p%p%p%p%p%p%p%p%p%p%p%p%p%p;%p%p%p%p%p%p%p%p%p%p%p%p%p%p%p%p%p%p%p%p%p%p%p%p%p%p%p%p%p%p%p%p;%p%p%p%p%p%p%p%p%p%p%p%p%p%p%p%p%p%p%p%p%p%p%p%p%p%p%p%p%p%p%p%p;%p%p%p%p%p%p%p%p%p%p%p%p%p%p%p%p%p%p%p%p%p%p%p%p%p%p%p%p%p%p%p%p
%p%p%p%p%p%p%p%p%p%p%p%p%p%p%p%p%p%p%p%p%p%p%p%p%p%p%p%p%p%p%p%p;%p%p%p%p%p%p%p%p%p%p%p%p%p%p%p%p%p%p%p%p%p%p%p%p%p%p%p%p%p%p%p%p;%p%p%p%p%p%p%p%p%p%p%p%p%p%p%p%p%p%p%p%p%p%p%p%p%p%p%p%p%p%p%p%p;%p%p%p%p%p%p%p%p%p%p%p%p%p%p%p%p%p%p%p%p%p%p%p%p%p%p%p%p%p%p%p%p;%p%p%p%p%p%p%p%p%p%p%p%p%p%p%p%p%p%p%p%p%p%p%p%p%p%p%p%p%p%p%p%p
%p%p%p%p%p%p%p%p%p%p%p%p%p%p%p%p%p%p%p%p%p%p%p%p%p%p%p%p%p%p%p%p;%p%p%p%p%p%p%p%p%p%p%p%p%p%p%p%p%p%p%p%p%p%p%p%p%p%p%p%p%p%p%p%p;%p%p%p%p%p%p%p%p%p%p%p%p%p%p%p%p%p%p%p%p%p%p%p%p%p%p%p%p%p%p%p%p;%p%p%p%p%p%p%p%p%p%p%p%p%p%p%p%p%p%p%p%p%p%p%p%p%p%p%p%p%p%p%p%p;%p%p%p%p%p%p%p%p%p%p%p%p%p%p%p%p%p%p%p%p%p%p%p%p%p%p%p%p%p%p%p%p
%p%p%p%p%p%p%p%p%p%p%p%p%p%p%p%p%p%p%p%p%p%p%p%p%p%p%p%p%p%p%p%p;%p%p%p%p%p%p%p%p%p%p%p%p%p%p%p%p%p%p%p%p%p%p%p%p%p%p%p%p%p%p%p%p;%p%p%p%p%p%p%p%p%p%p%p%p%p%p%p%p%p%p%p%p%p%p%p%p%p%p%p%p%p%p%p%p;%p%p%p%p%p%p%p%p%p%p%p%p%p%p%p%p%p%p%p%p%p%p%p%p%p%p%p%p%p%p%p%p;%p%p%p%p%p%p%p%p%p%p%p%p%p%p%p%p%p%p%p%p%p%p%p%p%p%p%p%p%p%p%p%p
%p%p%p%p%p%p%p%p%p%p%p%p%p%p%p%p%p%p%p%p%p%p%p%p%p%p%p%p%p%p%p%p;%p%p%p%p%p%p%p%p%p%p%p%p%p%p%p%p%p%p%p%p%p%p%p%p%p%p%p%p%p%p%p%p;%p%p%p%p%p%p%p%p%p%p%p%p%p%p%p%p%p%p%p%p%p%p%p%p%p%p%p%p%p%p%p%p;%p%p%p%p%p%p%p%p%p%p%p%p%p%p%p%p%p%p%p%p%p%p%p%p%p%p%p%p%p%p%p%p;%p%p%p%p%p%p%p%p%p%p%p%p%p%p%p%p%p%p%p%p%p%p%p%p%p%p%p%p%p%p%p%p
%p%p%p%p%p%p%p%p%p%p%p%p%p%p%p%p%p%p%p%p%p%p%p%p%p%p%p%p%p%p%p%p;%p%p%p%p%p%p%p%p%p%p%p%p%p%p%p%p%p%p%p%p%p%p%p%p%p%p%p%p%p%p%p%p;%p%p%p%p%p%p%p%p%p%p%p%p%p%p%p%p%p%p%p%p%p%p%p%p%p%p%p%p%p%p%p%p;%p%p%p%p%p%p%p%p%p%p%p%p%p%p%p%p%p%p%p%p%p%p%p%p%p%p%p%p%p%p%p%p;%p%p%p%p%p%p%p%p%p%p%p%p%p%p%p%p%p%p%p%p%p%p%p%p%p%p%p%p%p%p%p%p
%s%s%s%s%s%s%s%s%s%s%s%s%s%s%s%s%s%s%s%s%s%s%s%s%s%s%s%s%s%s%s%s;%s%s%s%s%s%s%s%s%s%s%s%s%s%s%s%s%s%s%s%s%s%s%s%s%s%s%s%s%s%s%s%s;%s%s%s%s%s%s%s%s%s%s%s%s%s%s%s%s%s%s%s%s%s%s%s%s%s%s%s%s%s%s%s%s;%s%s%s%s%s%s%s%s%s%s%s%s%s%s%s%s%s%s%s%s%s%s%s%s%s%s%s%s%s%s%s%s;%s%s%s%s%s%s%s%s%s%s%s%s%s%s%s%s%s%s%s%s%s%s%s%s%s%s%s%s%s%s%s%s
%s%s%s%s%s%s%s%s%s%s%s%s%s%s%s%s%s%s%s%s%s%s%s%s%s%s%s%s%s%s%s%s;%s%s%s%s%s%s%s%s%s%s%s%s%s%s%s%s%s%s%s%s%s%s%s%s%s%s%s%s%s%s%s%s;%s%s%s%s%s%s%s%s%s%s%s%s%s%s%s%s%s%s%s%s%s%s%s%s%s%s%s%s%s%s%s%s;%s%s%s%s%s%s%s%s%s%s%s%s%s%s%s%s%s%s%s%s%s%s%s%s%s%s%s%s%s%s%s%s;%s%s%s%s%s%s%s%s%s%s%s%s%s%s%s%s%s%s%s%s%s%s%s%s%s%s%s%s%s%s%s%s
%s%s%s%s%s%s%s%s%s%s%s%s%s%s%s%s%s%s%s%s%s%s%s%s%s%s%s%s%s%s%s%s;%s%s%s%s%s%s%s%s%s%s%s%s%s%s%s%s%s%s%s%s%s%s%s%s%s%s%s%s%s%s%s%s;%s%s%s%s%s%s%s%s%s%s%s%s%s%s%s%s%s%s%s%s%s%s%s%s%s%s%s%s%s%s%s%s;%s%s%s%s%s%s%s%s%s%s%s%s%s%s%s%s%s%s%s%s%s%s%s%s%s%s%s%s%s%s%s%s;%s%s%s%s%s%s%s%s%s%s%s%s%s%s%s%s%s%s%s%s%s%s%s%s%s%s%s%s%s%s%s%s
%s%s%s%s%s%s%s%s%s%s%s%s%s%s%s%s%s%s%s%s%s%s%s%s%s%s%s%s%s%s%s%s;%s%s%s%s%s%s%s%s%s%s%s%s%s%s%s%s%s%s%s%s%s%s%s%s%s%s%s%s%s%s%s%s;%s%s%s%s%s%s%s%s%s%s%s%s%s%s%s%s%s%s%s%s%s%s%s%s%s%s%s%s%s%s%s%s;%s%s%s%s%s%s%s%s%s%s%s%s%s%s%s%s%s%s%s%s%s%s%s%s%s%s%s%s%s%s%s%s;%s%s%s%s%s%s%s%s%s%s%s%s%s%s%s%s%s%s%s%s%s%s%s%s%s%s%s%s%s%s%s%s
%s%s%s%s%s%s%s%s%s%s%s%s%s%s%s%s%s%s%s%s%s%s%s%s%s%s%s%s%s%s%s%s;%s%s%s%s%s%s%s%s%s%s%s%s%s%s%s%s%s%s%s%s%s%s%s%s%s%s%s%s%s%s%s%s;%s%s%s%s%s%s%s%s%s%s%s%s%s%s%s%s%s%s%s%s%s%s%s%s%s%s%s%s%s%s%s%s;%s%s%s%s%s%s%s%s%s%s%s%s%s%s%s%s%s%s%s%s%s%s%s%s%s%s%s%s%s%s%s%s;%s%s%s%s%s%s%s%s%s%s%s%s%s%s%s%s%s%s%s%s%s%s%s%s%s%s%s%s%s%s%s%s
%s%s%s%s%s%s%s%s%s%s%s%s%s%s%s%s%s%s%s%s%s%s%s%s%s%s%s%s%s%s%s%s;%s%s%s%s%s%s%s%s%s%s%s%s%s%s%s%s%s%s%s%s%s%s%s%s%s%s%s%s%s%s%s%s;%s%s%s%s%s%s%s%s%s%s%s%s%s%s%s%s%s%s%s%s%s%s%s%s%s%s%s%s%s%s%s%s;%s%s%s%s%s%s%s%s%s%s%s%s%s%s%s%s%s%s%s%s%s%s%s%s%s%s%s%s%s%s%s%s;%s%s%s%s%s%s%s%s%s%s%s%s%s%s%s%s%s%s%s%s%s%s%s%s%s%s%s%s%s%s%s%s
%s%s%s%s%s%s%s%s%s%s%s%s%s%s%s%s%s%s%s%s%s%s%s%s%s%s%s%s%s%s%s%s;%s%s%s%s%s%s%s%s%s%s%s%s%s%s%s%s%s%s%s%s%s%s%s%s%s%s%s%s%s%s%s%s;%s%s%s%s%s%s%s%s%s%s%s%s%s%s%s%s%s%s%s%s%s%s%s%s%s%s%s%s%s%s%s%s;%s%s%s%s%s%s%s%s%s%s%s%s%s%s%s%s%s%s%s%s%s%s%s%s%s%s%s%s%s%s%s%s;%s%s%s%s%s%s%s%s%s%s%s%s%s%s%s%s%s%s%s%s%s%s%s%s%s%s%s%s%s%s%s%s
%s%s%s%s%s%s%s%s%s%s%s%s%s%s%s%s%s%s%s%s%s%s%s%s%s%s%s%s%s%s%s%s;%s%s%s%s%s%s%s%s%s%s%s%s%s%s%s%s%s%s%s%s%s%s%s%s%s%s%s%s%s%s%s%s;%s%s%s%s%s%s%s%s%s%s%s%s%s%s%s%s%s%s%s%s%s%s%s%s%s%s%s%s%s%s%s%s;%s%s%s%s%s%s%s%s%s%s%s%s%s%s%s%s%s%s%s%s%s%s%s%s%s%s%s%s%s%s%s%s;%s%s%s%s%s%s%s%s%s%s%s%s%s%s%s%s%s%s%s%s%s%s%s%s%s%s%s%s%s%s%s%s
%s%s%s%s%s%s%s%s%s%s%s%s%s%s%s%s%s%s%s%s%s%s%s%s%s%s%s%s%s%s%s%s;%s%s%s%s%s%s%s%s%s%s%s%s%s%s%s%s%s%s%s%s%s%s%s%s%s%s%s%s%s%s%s%s;%s%s%s%s%s%s%s%s%s%s%s%s%s%s%s%s%s%s%s%s%s%s%s%s%s%s%s%s%s%s%s%s;%s%s%s%s%s%s%s%s%s%s%s%s%s%s%s%s%s%s%s%s%s%s%s%s%s%s%s%s%s%s%s%s;%s%s%s%s%s%s%s%s%s%s%s%s%s%s%s%s%s%s%s%s%s%s%s%s%s%s%s%s%s%s%s%s
%s%s%s%s%s%s%s%s%s%s%s%s%s%s%s%s%s%s%s%s%s%s%s%s%s%s%s%s%s%s%s%s;%s%s%s%s%s%s%s%s%s%s%s%s%s%s%s%s%s%s%s%s%s%s%s%s%s%s%s%s%s%s%s%s;%s%s%s%s%s%s%s%s%s%s%s%s%s%s%s%s%s%s%s%s%s%s%s%s%s%s%s%s%s%s%s%s;%s%s%s%s%s%s%s%s%s%s%s%s%s%s%s%s%s%s%s%s%s%s%s%s%s%s%s%s%s%s%s%s;%s%s%s%s%s%s%s%s%s%s%s%s%s%s%s%s%s%s%s%s%s%s%s%s%s%s%s%s%s%s%s%s
%s%s%s%s%s%s%s%s%s%s%s%s%s%s%s%s%s%s%s%s%s%s%s%s%s%s%s%s%s%s%s%s;%s%s%s%s%s%s%s%s%s%s%s%s%s%s%s%s%s%s%s%s%s%s%s%s%s%s%s%s%s%s%s%s;%s%s%s%s%s%s%s%s%s%s%s%s%s%s%s%s%s%s%s%s%s%s%s%s%s%s%s%s%s%s%s%s;%s%s%s%s%s%s%s%s%s%s%s%s%s%s%s%s%s%s%s%s%s%s%s%s%s%s%s%s%s%s%s%s;%s%s%s%s%s%s%s%s%s%s%s%s%s%s%s%s%s%s%s%s%s%s%s%s%s%s%s%s%s%s%s%s
%s%s%s%s%s%s%s%s%s%s%s%s%s%s%s%s%s%s%s%s%s%s%s%s%s%s%s%s%s%s%s%s;%s%s%s%s%s%s%s%s%s%s%s%s%s%s%s%s%s%s%s%s%s%s%s%s%s%s%s%s%s%s%s%s;%s%s%s%s%s%s%s%s%s%s%s%s%s%s%s%s%s%s%s%s%s%s%s%s%s%s%s%s%s%s%s%s;%s%s%s%s%s%s%s%s%s%s%s%s%s%s%s%s%s%s%s%s%s%s%s%s%s%s%s%s%s%s%s%s;%s%s%s%s%s%s%s%s%s%s%s%s%s%s%s%s%s%s%s%s%s%s%s%s%s%s%s%s%s%s%s%s
%s%s%s%s%s%s%s%s%s%s%s%s%s%s%s%s%s%s%s%s%s%s%s%s%s%s%s%s%s%s%s%s;%s%s%s%s%s%s%s%s%s%s%s%s%s%s%s%s%s%s%s%s%s%s%s%s%s%s%s%s%s%s%s%s;%s%s%s%s%s%s%s%s%s%s%s%s%s%s%s%s%s%s%s%s%s%s%s%s%s%s%s%s%s%s%s%s;%s%s%s%s%s%s%s%s%s%s%s%s%s%s%s%s%s%s%s%s%s%s%s%s%s%s%s%s%s%s%s%s;%s%s%s%s%s%s%s%s%s%s%s%s%s%s%s%s%s%s%s%s%s%s%s%s%s%s%s%s%s%s%s%s
%s%s%s%s%s%s%s%s%s%s%s%s%s%s%s%s%s%s%s%s%s%s%s%s%s%s%s%s%s%s%s%s;%s%s%s%s%s%s%s%s%s%s%s%s%s%s%s%s%s%s%s%s%s%s%s%s%s%s%s%s%s%s%s%s;%s%s%s%s%s%s%s%s%s%s%s%s%s%s%s%s%s%s%s%s%s%s%s%s%s%s%s%s%s%s%s%s;%s%s%s%s%s%s%s%s%s%s%s%s%s%s%s%s%s%s%s%s%s%s%s%s%s%s%s%s%s%s%s%s;%s%s%s%s%s%s%s%s%s%s%s%s%s%s%s%s%s%s%s%s%s%s%s%s%s%s%s%s%s%s%s%s
%s%s%s%s%s%s%s%s%s%s%s%s%s%s%s%s%s%s%s%s%s%s%s%s%s%s%s%s%s%s%s%s;%s%s%s%s%s%s%s%s%s%s%s%s%s%s%s%s%s%s%s%s%s%s%s%s%s%s%s%s%s%s%s%s;%s%s%s%s%s%s%s%s%s%s%s%s%s%s%s%s%s%s%s%s%s%s%s%s%s%s%s%s%s%s%s%s;%s%s%s%s%s%s%s%s%s%s%s%s%s%s%s%s%s%s%s%s%s%s%s%s%s%s%s%s%s%s%s%s;%s%s%s%s%s%s%s%s%s%s%s%s%s%s%s%s%s%s%s%s%s%s%s%s%s%s%s%s%s%s%s%s
